Campaign,Ad Group,Keyword,Criterion Type,Max CPC,Status
[검색] 비상벨 | 법정설치,장애인화장실 비상벨,장애인화장실 비상벨,Exact,700,Paused
[검색] 비상벨 | 법정설치,장애인화장실 비상벨,장애인 화장실 비상벨,Exact,700,Paused
[검색] 비상벨 | 법정설치,장애인화장실 비상벨,장애인화장실 도움벨,Exact,700,Paused
[검색] 비상벨 | 법정설치,장애인화장실 비상벨,장애인 도움벨,Exact,700,Paused
[검색] 비상벨 | 법정설치,장애인화장실 비상벨,장애인화장실 호출벨,Phrase,700,Paused
[검색] 비상벨 | 법정설치,장애인화장실 비상벨,장애인 호출벨,Phrase,700,Paused
[검색] 비상벨 | 법정설치,장애인화장실 비상벨,장애인화장실 비상벨 설치,Phrase,700,Paused
[검색] 비상벨 | 법정설치,장애인화장실 비상벨,장애인화장실 비상벨 가격,Phrase,700,Paused
[검색] 비상벨 | 법정설치,장애인화장실 비상벨,BF인증 비상벨,Phrase,700,Paused
[검색] 비상벨 | 법정설치,장애인화장실 비상벨,점자 비상벨,Phrase,700,Paused
[검색] 비상벨 | 법정설치,장애인화장실 비상벨,장애인 화장실 비상벨 세트,Phrase,700,Paused
[검색] 비상벨 | 법정설치,공중화장실 비상벨,공중화장실 비상벨,Exact,700,Paused
[검색] 비상벨 | 법정설치,공중화장실 비상벨,화장실 비상벨,Exact,700,Paused
[검색] 비상벨 | 법정설치,공중화장실 비상벨,화장실 안심벨,Exact,700,Paused
[검색] 비상벨 | 법정설치,공중화장실 비상벨,여자화장실 비상벨,Phrase,700,Paused
[검색] 비상벨 | 법정설치,공중화장실 비상벨,화장실 안심 비상벨,Phrase,700,Paused
[검색] 비상벨 | 법정설치,공중화장실 비상벨,공중화장실 안심벨,Phrase,700,Paused
[검색] 비상벨 | 법정설치,공중화장실 비상벨,화장실 비상벨 설치,Phrase,700,Paused
[검색] 비상벨 | 법정설치,공중화장실 비상벨,공중화장실 비상벨 가격,Phrase,700,Paused
[검색] 비상벨 | 법정설치,공중화장실 비상벨,안심비상벨,Phrase,700,Paused
[검색] 비상벨 | 법정설치,설치 의무·기준 (정보탐색),비상벨 설치 의무,Phrase,400,Paused
[검색] 비상벨 | 법정설치,설치 의무·기준 (정보탐색),비상벨 설치 기준,Phrase,400,Paused
[검색] 비상벨 | 법정설치,설치 의무·기준 (정보탐색),화장실 비상벨 의무화,Phrase,400,Paused
[검색] 비상벨 | 법정설치,설치 의무·기준 (정보탐색),공중화장실 비상벨 의무,Phrase,400,Paused
[검색] 비상벨 | 법정설치,설치 의무·기준 (정보탐색),장애인화장실 비상벨 기준,Phrase,400,Paused
[검색] 비상벨 | 법정설치,설치 의무·기준 (정보탐색),비상벨 설치 법규,Phrase,400,Paused
[검색] 비상벨 | 일반·시설별,무선 호출벨 (최고 효율),무선 호출벨,Exact,900,Paused
[검색] 비상벨 | 일반·시설별,무선 호출벨 (최고 효율),호출벨,Exact,900,Paused
[검색] 비상벨 | 일반·시설별,무선 호출벨 (최고 효율),콜벨,Exact,900,Paused
[검색] 비상벨 | 일반·시설별,무선 호출벨 (최고 효율),무선 콜벨,Exact,900,Paused
[검색] 비상벨 | 일반·시설별,무선 호출벨 (최고 효율),무선 호출벨 가격,Phrase,900,Paused
[검색] 비상벨 | 일반·시설별,무선 호출벨 (최고 효율),호출벨 가격,Phrase,900,Paused
[검색] 비상벨 | 일반·시설별,무선 호출벨 (최고 효율),업소용 호출벨,Phrase,900,Paused
[검색] 비상벨 | 일반·시설별,무선 호출벨 (최고 효율),매장 호출벨,Phrase,900,Paused
[검색] 비상벨 | 일반·시설별,무선 호출벨 (최고 효율),호출벨 설치,Phrase,900,Paused
[검색] 비상벨 | 일반·시설별,무선 호출벨 (최고 효율),무선 호출 벨,Phrase,900,Paused
[검색] 비상벨 | 일반·시설별,무선 호출벨 (최고 효율),테이블 호출벨,Phrase,900,Paused
[검색] 비상벨 | 일반·시설별,무선 비상벨,무선 비상벨,Exact,700,Paused
[검색] 비상벨 | 일반·시설별,무선 비상벨,비상벨,Exact,700,Paused
[검색] 비상벨 | 일반·시설별,무선 비상벨,비상호출벨,Exact,700,Paused
[검색] 비상벨 | 일반·시설별,무선 비상벨,음성인식 비상벨,Exact,700,Paused
[검색] 비상벨 | 일반·시설별,무선 비상벨,무선 비상호출벨,Phrase,700,Paused
[검색] 비상벨 | 일반·시설별,무선 비상벨,비상벨 가격,Phrase,700,Paused
[검색] 비상벨 | 일반·시설별,무선 비상벨,비상벨 설치,Phrase,700,Paused
[검색] 비상벨 | 일반·시설별,무선 비상벨,비상벨 추천,Phrase,700,Paused
[검색] 비상벨 | 일반·시설별,무선 비상벨,비상벨 세트,Phrase,700,Paused
[검색] 비상벨 | 일반·시설별,무선 비상벨,비상벨 구매,Phrase,700,Paused
[검색] 비상벨 | 일반·시설별,무선 비상벨,비상벨 시스템,Phrase,700,Paused
[검색] 비상벨 | 일반·시설별,시설별 비상벨,병원 비상벨,Phrase,700,Paused
[검색] 비상벨 | 일반·시설별,시설별 비상벨,요양원 비상벨,Phrase,700,Paused
[검색] 비상벨 | 일반·시설별,시설별 비상벨,요양병원 호출벨,Phrase,700,Paused
[검색] 비상벨 | 일반·시설별,시설별 비상벨,학교 비상벨,Phrase,700,Paused
[검색] 비상벨 | 일반·시설별,시설별 비상벨,어린이집 비상벨,Phrase,700,Paused
[검색] 비상벨 | 일반·시설별,시설별 비상벨,경비실 비상벨,Phrase,700,Paused
[검색] 비상벨 | 일반·시설별,시설별 비상벨,사무실 비상벨,Phrase,700,Paused
[검색] 비상벨 | 일반·시설별,시설별 비상벨,주차장 비상벨,Phrase,700,Paused
[검색] 비상벨 | 일반·시설별,시설별 비상벨,은행 비상벨,Phrase,700,Paused
[검색] 비상벨 | 일반·시설별,시설별 비상벨,매장 비상벨,Phrase,700,Paused
[검색] 비상벨 | 일반·시설별,시설별 비상벨,관공서 비상벨,Phrase,700,Paused
[검색] 비상벨 | 일반·시설별,시설별 비상벨,공장 비상벨,Phrase,700,Paused
[검색] 비상벨 | 일반·시설별,노인·케어 호출벨,노인 안심벨,Exact,700,Paused
[검색] 비상벨 | 일반·시설별,노인·케어 호출벨,노인 비상벨,Exact,700,Paused
[검색] 비상벨 | 일반·시설별,노인·케어 호출벨,독거노인 비상벨,Exact,700,Paused
[검색] 비상벨 | 일반·시설별,노인·케어 호출벨,독거노인 안심벨,Exact,700,Paused
[검색] 비상벨 | 일반·시설별,노인·케어 호출벨,독거노인 관리 시스템,Phrase,700,Paused
[검색] 비상벨 | 일반·시설별,노인·케어 호출벨,어르신 호출벨,Phrase,700,Paused
[검색] 비상벨 | 일반·시설별,노인·케어 호출벨,환자 호출벨,Phrase,700,Paused
[검색] 비상벨 | 일반·시설별,노인·케어 호출벨,침대 호출벨,Phrase,700,Paused
[검색] 비상벨 | 일반·시설별,노인·케어 호출벨,가정용 비상벨,Phrase,700,Paused
[검색] 비상벨 | 일반·시설별,노인·케어 호출벨,간병 호출벨,Phrase,700,Paused
[검색] 비상벨 | 일반·시설별,노인·케어 호출벨,거동불편 호출벨,Phrase,700,Paused
[검색] 비상벨 | 일반·시설별,노인·케어 호출벨,요양원 호출벨,Phrase,700,Paused
[검색] 비상벨 | 일반·시설별,스마트폰 수신 비상벨 (차별점),스마트폰 비상벨,Phrase,700,Paused
[검색] 비상벨 | 일반·시설별,스마트폰 수신 비상벨 (차별점),원격 비상벨,Phrase,700,Paused
[검색] 비상벨 | 일반·시설별,스마트폰 수신 비상벨 (차별점),장거리 비상벨,Phrase,700,Paused
[검색] 비상벨 | 일반·시설별,스마트폰 수신 비상벨 (차별점),무선 장거리 비상벨,Phrase,700,Paused
[검색] 비상벨 | 일반·시설별,스마트폰 수신 비상벨 (차별점),휴대폰 비상벨,Phrase,700,Paused
[검색] 비상벨 | 일반·시설별,스마트폰 수신 비상벨 (차별점),스마트폰 호출벨,Phrase,700,Paused
[검색] 비상벨 | 일반·시설별,스마트폰 수신 비상벨 (차별점),원격 호출벨,Phrase,700,Paused
[검색] 브랜드 | 헬로벨·헬로클릭,브랜드 - 헬로벨/헬로팩토리,헬로벨,Exact,500,Paused
[검색] 브랜드 | 헬로벨·헬로클릭,브랜드 - 헬로벨/헬로팩토리,헬로 벨,Exact,500,Paused
[검색] 브랜드 | 헬로벨·헬로클릭,브랜드 - 헬로벨/헬로팩토리,헬로팩토리,Exact,500,Paused
[검색] 브랜드 | 헬로벨·헬로클릭,브랜드 - 헬로벨/헬로팩토리,hellobell,Exact,500,Paused
[검색] 브랜드 | 헬로벨·헬로클릭,브랜드 - 헬로벨/헬로팩토리,hellofactory,Exact,500,Paused
[검색] 브랜드 | 헬로벨·헬로클릭,브랜드 - 헬로벨/헬로팩토리,헬로벨 비상벨,Phrase,500,Paused
[검색] 브랜드 | 헬로벨·헬로클릭,브랜드 - 헬로벨/헬로팩토리,헬로벨 호출벨,Phrase,500,Paused
[검색] 브랜드 | 헬로벨·헬로클릭,브랜드 - 헬로벨/헬로팩토리,헬로팩토리 비상벨,Phrase,500,Paused
[검색] 브랜드 | 헬로벨·헬로클릭,브랜드 - 헬로벨/헬로팩토리,헬로벨 가격,Phrase,500,Paused
[검색] 브랜드 | 헬로벨·헬로클릭,브랜드 - 헬로벨/헬로팩토리,헬로벨 자사몰,Phrase,500,Paused
[검색] 브랜드 | 헬로벨·헬로클릭,브랜드 - 헬로클릭,헬로클릭,Exact,500,Paused
[검색] 브랜드 | 헬로벨·헬로클릭,브랜드 - 헬로클릭,helloclick,Exact,500,Paused
[검색] 브랜드 | 헬로벨·헬로클릭,브랜드 - 헬로클릭,헬로팩토리 헬로클릭,Phrase,500,Paused
[검색] 브랜드 | 헬로벨·헬로클릭,브랜드 - 헬로클릭,헬로클릭 가격,Phrase,500,Paused
[검색] 브랜드 | 헬로벨·헬로클릭,브랜드 - 헬로클릭,헬로클릭 학교,Phrase,500,Paused
[검색] 헬로클릭 | 교육,학생응답시스템,학생응답시스템,Exact,700,Paused
[검색] 헬로클릭 | 교육,학생응답시스템,학생 응답 시스템,Exact,700,Paused
[검색] 헬로클릭 | 교육,학생응답시스템,학생반응시스템,Exact,700,Paused
[검색] 헬로클릭 | 교육,학생응답시스템,수업 클리커,Phrase,700,Paused
[검색] 헬로클릭 | 교육,학생응답시스템,교육용 클리커,Phrase,700,Paused
[검색] 헬로클릭 | 교육,학생응답시스템,학생용 클리커,Phrase,700,Paused
[검색] 헬로클릭 | 교육,학생응답시스템,학생 응답기,Phrase,700,Paused
[검색] 헬로클릭 | 교육,학생응답시스템,수업 응답 시스템,Phrase,700,Paused
[검색] 헬로클릭 | 교육,수업 참여 도구,수업 참여 도구,Phrase,700,Paused
[검색] 헬로클릭 | 교육,수업 참여 도구,학생 참여 수업,Phrase,700,Paused
[검색] 헬로클릭 | 교육,수업 참여 도구,참여형 수업 도구,Phrase,700,Paused
[검색] 헬로클릭 | 교육,수업 참여 도구,수업 참여 유도,Phrase,700,Paused
[검색] 헬로클릭 | 교육,수업 참여 도구,교실 수업 도구,Phrase,700,Paused
[검색] 헬로클릭 | 교육,수업 참여 도구,학생 참여도 확인,Phrase,700,Paused
[검색] 헬로클릭 | 교육,퀴즈·골든벨 버저,퀴즈 버저,Phrase,700,Paused
[검색] 헬로클릭 | 교육,퀴즈·골든벨 버저,골든벨 버저,Phrase,700,Paused
[검색] 헬로클릭 | 교육,퀴즈·골든벨 버저,스피드퀴즈 버저,Phrase,700,Paused
[검색] 헬로클릭 | 교육,퀴즈·골든벨 버저,수업용 버저,Phrase,700,Paused
[검색] 헬로클릭 | 교육,퀴즈·골든벨 버저,교실 퀴즈 장비,Phrase,700,Paused
[검색] 헬로클릭 | 교육,퀴즈·골든벨 버저,퀴즈 벨,Phrase,700,Paused
[검색] 헬로클릭 | 교육,퀴즈·골든벨 버저,골든벨 장비,Phrase,700,Paused
[검색] 헬로클릭 | 교육,학교 도입·렌탈,학교 수업 기자재,Phrase,700,Paused
[검색] 헬로클릭 | 교육,학교 도입·렌탈,수업 기자재 렌탈,Phrase,700,Paused
[검색] 헬로클릭 | 교육,학교 도입·렌탈,교구 렌탈,Phrase,700,Paused
[검색] 헬로클릭 | 교육,학교 도입·렌탈,학교 교구 구매,Phrase,700,Paused
[검색] 헬로클릭 | 교육,학교 도입·렌탈,수업 보조 기자재,Phrase,700,Paused
[검색] 헬로클릭 | 교육,학교 도입·렌탈,학교 렌탈 기자재,Phrase,700,Paused
