Campaign,Ad Group,Keyword,Criterion Type
[검색] 비상벨 | 법정설치,,무료,Campaign Negative Phrase
[검색] 비상벨 | 법정설치,,중고,Campaign Negative Phrase
[검색] 비상벨 | 법정설치,,다운로드,Campaign Negative Phrase
[검색] 비상벨 | 법정설치,,나무위키,Campaign Negative Phrase
[검색] 비상벨 | 법정설치,,뜻,Campaign Negative Phrase
[검색] 비상벨 | 법정설치,,의미,Campaign Negative Phrase
[검색] 비상벨 | 법정설치,,영어로,Campaign Negative Phrase
[검색] 비상벨 | 법정설치,,채용,Campaign Negative Phrase
[검색] 비상벨 | 법정설치,,알바,Campaign Negative Phrase
[검색] 비상벨 | 법정설치,,구인,Campaign Negative Phrase
[검색] 비상벨 | 법정설치,,연봉,Campaign Negative Phrase
[검색] 비상벨 | 법정설치,,자격증,Campaign Negative Phrase
[검색] 비상벨 | 법정설치,,토렌트,Campaign Negative Phrase
[검색] 비상벨 | 법정설치,,만들기,Campaign Negative Phrase
[검색] 비상벨 | 법정설치,,diy,Campaign Negative Phrase
[검색] 비상벨 | 법정설치,,도매,Campaign Negative Phrase
[검색] 비상벨 | 법정설치,,부품,Campaign Negative Phrase
[검색] 비상벨 | 법정설치,,투표,Campaign Negative Phrase
[검색] 비상벨 | 법정설치,,설문,Campaign Negative Phrase
[검색] 비상벨 | 법정설치,,서베이,Campaign Negative Phrase
[검색] 비상벨 | 법정설치,,낙상,Campaign Negative Phrase
[검색] 비상벨 | 법정설치,,돌봄,Campaign Negative Phrase
[검색] 비상벨 | 법정설치,,지원센터,Campaign Negative Phrase
[검색] 비상벨 | 법정설치,,도우미,Campaign Negative Phrase
[검색] 비상벨 | 법정설치,,신청자격,Campaign Negative Phrase
[검색] 비상벨 | 법정설치,,기초연금,Campaign Negative Phrase
[검색] 비상벨 | 법정설치,,치매,Campaign Negative Phrase
[검색] 비상벨 | 법정설치,,복지관,Campaign Negative Phrase
[검색] 비상벨 | 법정설치,,씨스콜,Campaign Negative Phrase
[검색] 비상벨 | 법정설치,,시스콜,Campaign Negative Phrase
[검색] 비상벨 | 법정설치,,syscall,Campaign Negative Phrase
[검색] 비상벨 | 법정설치,,링고벨,Campaign Negative Phrase
[검색] 비상벨 | 법정설치,,링고,Campaign Negative Phrase
[검색] 비상벨 | 법정설치,,ringo,Campaign Negative Phrase
[검색] 비상벨 | 법정설치,,소리,Campaign Negative Phrase
[검색] 비상벨 | 법정설치,,벨소리,Campaign Negative Phrase
[검색] 비상벨 | 법정설치,,효과음,Campaign Negative Phrase
[검색] 비상벨 | 법정설치,,mp3,Campaign Negative Phrase
[검색] 비상벨 | 법정설치,,화재,Campaign Negative Phrase
[검색] 비상벨 | 법정설치,,화재경보기,Campaign Negative Phrase
[검색] 비상벨 | 법정설치,,소방,Campaign Negative Phrase
[검색] 비상벨 | 법정설치,,감지기,Campaign Negative Phrase
[검색] 비상벨 | 법정설치,,스프링클러,Campaign Negative Phrase
[검색] 비상벨 | 법정설치,,소화기,Campaign Negative Phrase
[검색] 비상벨 | 법정설치,,발신기,Campaign Negative Phrase
[검색] 비상벨 | 법정설치,,초인종,Campaign Negative Phrase
[검색] 비상벨 | 법정설치,,도어벨,Campaign Negative Phrase
[검색] 비상벨 | 법정설치,,도어락,Campaign Negative Phrase
[검색] 비상벨 | 법정설치,,인터폰,Campaign Negative Phrase
[검색] 비상벨 | 법정설치,,자전거,Campaign Negative Phrase
[검색] 비상벨 | 법정설치,,게임,Campaign Negative Phrase
[검색] 비상벨 | 법정설치,,노래,Campaign Negative Phrase
[검색] 비상벨 | 법정설치,,수리,Campaign Negative Phrase
[검색] 비상벨 | 법정설치,,고장,Campaign Negative Phrase
[검색] 비상벨 | 법정설치,,신고,Campaign Negative Phrase
[검색] 비상벨 | 법정설치,,119,Campaign Negative Phrase
[검색] 비상벨 | 법정설치,,어플,Campaign Negative Phrase
[검색] 비상벨 | 일반·시설별,,무료,Campaign Negative Phrase
[검색] 비상벨 | 일반·시설별,,중고,Campaign Negative Phrase
[검색] 비상벨 | 일반·시설별,,다운로드,Campaign Negative Phrase
[검색] 비상벨 | 일반·시설별,,나무위키,Campaign Negative Phrase
[검색] 비상벨 | 일반·시설별,,뜻,Campaign Negative Phrase
[검색] 비상벨 | 일반·시설별,,의미,Campaign Negative Phrase
[검색] 비상벨 | 일반·시설별,,영어로,Campaign Negative Phrase
[검색] 비상벨 | 일반·시설별,,채용,Campaign Negative Phrase
[검색] 비상벨 | 일반·시설별,,알바,Campaign Negative Phrase
[검색] 비상벨 | 일반·시설별,,구인,Campaign Negative Phrase
[검색] 비상벨 | 일반·시설별,,연봉,Campaign Negative Phrase
[검색] 비상벨 | 일반·시설별,,자격증,Campaign Negative Phrase
[검색] 비상벨 | 일반·시설별,,토렌트,Campaign Negative Phrase
[검색] 비상벨 | 일반·시설별,,만들기,Campaign Negative Phrase
[검색] 비상벨 | 일반·시설별,,diy,Campaign Negative Phrase
[검색] 비상벨 | 일반·시설별,,도매,Campaign Negative Phrase
[검색] 비상벨 | 일반·시설별,,부품,Campaign Negative Phrase
[검색] 비상벨 | 일반·시설별,,투표,Campaign Negative Phrase
[검색] 비상벨 | 일반·시설별,,설문,Campaign Negative Phrase
[검색] 비상벨 | 일반·시설별,,서베이,Campaign Negative Phrase
[검색] 비상벨 | 일반·시설별,,낙상,Campaign Negative Phrase
[검색] 비상벨 | 일반·시설별,,돌봄,Campaign Negative Phrase
[검색] 비상벨 | 일반·시설별,,지원센터,Campaign Negative Phrase
[검색] 비상벨 | 일반·시설별,,도우미,Campaign Negative Phrase
[검색] 비상벨 | 일반·시설별,,신청자격,Campaign Negative Phrase
[검색] 비상벨 | 일반·시설별,,기초연금,Campaign Negative Phrase
[검색] 비상벨 | 일반·시설별,,치매,Campaign Negative Phrase
[검색] 비상벨 | 일반·시설별,,복지관,Campaign Negative Phrase
[검색] 비상벨 | 일반·시설별,,씨스콜,Campaign Negative Phrase
[검색] 비상벨 | 일반·시설별,,시스콜,Campaign Negative Phrase
[검색] 비상벨 | 일반·시설별,,syscall,Campaign Negative Phrase
[검색] 비상벨 | 일반·시설별,,링고벨,Campaign Negative Phrase
[검색] 비상벨 | 일반·시설별,,링고,Campaign Negative Phrase
[검색] 비상벨 | 일반·시설별,,ringo,Campaign Negative Phrase
[검색] 비상벨 | 일반·시설별,,소리,Campaign Negative Phrase
[검색] 비상벨 | 일반·시설별,,벨소리,Campaign Negative Phrase
[검색] 비상벨 | 일반·시설별,,효과음,Campaign Negative Phrase
[검색] 비상벨 | 일반·시설별,,mp3,Campaign Negative Phrase
[검색] 비상벨 | 일반·시설별,,화재,Campaign Negative Phrase
[검색] 비상벨 | 일반·시설별,,화재경보기,Campaign Negative Phrase
[검색] 비상벨 | 일반·시설별,,소방,Campaign Negative Phrase
[검색] 비상벨 | 일반·시설별,,감지기,Campaign Negative Phrase
[검색] 비상벨 | 일반·시설별,,스프링클러,Campaign Negative Phrase
[검색] 비상벨 | 일반·시설별,,소화기,Campaign Negative Phrase
[검색] 비상벨 | 일반·시설별,,발신기,Campaign Negative Phrase
[검색] 비상벨 | 일반·시설별,,초인종,Campaign Negative Phrase
[검색] 비상벨 | 일반·시설별,,도어벨,Campaign Negative Phrase
[검색] 비상벨 | 일반·시설별,,도어락,Campaign Negative Phrase
[검색] 비상벨 | 일반·시설별,,인터폰,Campaign Negative Phrase
[검색] 비상벨 | 일반·시설별,,자전거,Campaign Negative Phrase
[검색] 비상벨 | 일반·시설별,,게임,Campaign Negative Phrase
[검색] 비상벨 | 일반·시설별,,노래,Campaign Negative Phrase
[검색] 비상벨 | 일반·시설별,,수리,Campaign Negative Phrase
[검색] 비상벨 | 일반·시설별,,고장,Campaign Negative Phrase
[검색] 비상벨 | 일반·시설별,,신고,Campaign Negative Phrase
[검색] 비상벨 | 일반·시설별,,119,Campaign Negative Phrase
[검색] 비상벨 | 일반·시설별,,어플,Campaign Negative Phrase
[검색] 브랜드 | 헬로벨·헬로클릭,,무료,Campaign Negative Phrase
[검색] 브랜드 | 헬로벨·헬로클릭,,중고,Campaign Negative Phrase
[검색] 브랜드 | 헬로벨·헬로클릭,,다운로드,Campaign Negative Phrase
[검색] 브랜드 | 헬로벨·헬로클릭,,나무위키,Campaign Negative Phrase
[검색] 브랜드 | 헬로벨·헬로클릭,,뜻,Campaign Negative Phrase
[검색] 브랜드 | 헬로벨·헬로클릭,,의미,Campaign Negative Phrase
[검색] 브랜드 | 헬로벨·헬로클릭,,영어로,Campaign Negative Phrase
[검색] 브랜드 | 헬로벨·헬로클릭,,채용,Campaign Negative Phrase
[검색] 브랜드 | 헬로벨·헬로클릭,,알바,Campaign Negative Phrase
[검색] 브랜드 | 헬로벨·헬로클릭,,구인,Campaign Negative Phrase
[검색] 브랜드 | 헬로벨·헬로클릭,,연봉,Campaign Negative Phrase
[검색] 브랜드 | 헬로벨·헬로클릭,,자격증,Campaign Negative Phrase
[검색] 브랜드 | 헬로벨·헬로클릭,,토렌트,Campaign Negative Phrase
[검색] 브랜드 | 헬로벨·헬로클릭,,만들기,Campaign Negative Phrase
[검색] 브랜드 | 헬로벨·헬로클릭,,diy,Campaign Negative Phrase
[검색] 브랜드 | 헬로벨·헬로클릭,,도매,Campaign Negative Phrase
[검색] 브랜드 | 헬로벨·헬로클릭,,부품,Campaign Negative Phrase
[검색] 브랜드 | 헬로벨·헬로클릭,,투표,Campaign Negative Phrase
[검색] 브랜드 | 헬로벨·헬로클릭,,설문,Campaign Negative Phrase
[검색] 브랜드 | 헬로벨·헬로클릭,,서베이,Campaign Negative Phrase
[검색] 브랜드 | 헬로벨·헬로클릭,,낙상,Campaign Negative Phrase
[검색] 브랜드 | 헬로벨·헬로클릭,,돌봄,Campaign Negative Phrase
[검색] 브랜드 | 헬로벨·헬로클릭,,지원센터,Campaign Negative Phrase
[검색] 브랜드 | 헬로벨·헬로클릭,,도우미,Campaign Negative Phrase
[검색] 브랜드 | 헬로벨·헬로클릭,,신청자격,Campaign Negative Phrase
[검색] 브랜드 | 헬로벨·헬로클릭,,기초연금,Campaign Negative Phrase
[검색] 브랜드 | 헬로벨·헬로클릭,,치매,Campaign Negative Phrase
[검색] 브랜드 | 헬로벨·헬로클릭,,복지관,Campaign Negative Phrase
[검색] 브랜드 | 헬로벨·헬로클릭,,씨스콜,Campaign Negative Phrase
[검색] 브랜드 | 헬로벨·헬로클릭,,시스콜,Campaign Negative Phrase
[검색] 브랜드 | 헬로벨·헬로클릭,,syscall,Campaign Negative Phrase
[검색] 브랜드 | 헬로벨·헬로클릭,,링고벨,Campaign Negative Phrase
[검색] 브랜드 | 헬로벨·헬로클릭,,링고,Campaign Negative Phrase
[검색] 브랜드 | 헬로벨·헬로클릭,,ringo,Campaign Negative Phrase
[검색] 브랜드 | 헬로벨·헬로클릭,,소리,Campaign Negative Phrase
[검색] 브랜드 | 헬로벨·헬로클릭,,벨소리,Campaign Negative Phrase
[검색] 브랜드 | 헬로벨·헬로클릭,,효과음,Campaign Negative Phrase
[검색] 브랜드 | 헬로벨·헬로클릭,,mp3,Campaign Negative Phrase
[검색] 브랜드 | 헬로벨·헬로클릭,,화재,Campaign Negative Phrase
[검색] 브랜드 | 헬로벨·헬로클릭,,화재경보기,Campaign Negative Phrase
[검색] 브랜드 | 헬로벨·헬로클릭,,소방,Campaign Negative Phrase
[검색] 브랜드 | 헬로벨·헬로클릭,,감지기,Campaign Negative Phrase
[검색] 브랜드 | 헬로벨·헬로클릭,,스프링클러,Campaign Negative Phrase
[검색] 브랜드 | 헬로벨·헬로클릭,,소화기,Campaign Negative Phrase
[검색] 브랜드 | 헬로벨·헬로클릭,,발신기,Campaign Negative Phrase
[검색] 브랜드 | 헬로벨·헬로클릭,,초인종,Campaign Negative Phrase
[검색] 브랜드 | 헬로벨·헬로클릭,,도어벨,Campaign Negative Phrase
[검색] 브랜드 | 헬로벨·헬로클릭,,도어락,Campaign Negative Phrase
[검색] 브랜드 | 헬로벨·헬로클릭,,인터폰,Campaign Negative Phrase
[검색] 브랜드 | 헬로벨·헬로클릭,,자전거,Campaign Negative Phrase
[검색] 브랜드 | 헬로벨·헬로클릭,,게임,Campaign Negative Phrase
[검색] 브랜드 | 헬로벨·헬로클릭,,노래,Campaign Negative Phrase
[검색] 브랜드 | 헬로벨·헬로클릭,,수리,Campaign Negative Phrase
[검색] 브랜드 | 헬로벨·헬로클릭,,고장,Campaign Negative Phrase
[검색] 브랜드 | 헬로벨·헬로클릭,,신고,Campaign Negative Phrase
[검색] 브랜드 | 헬로벨·헬로클릭,,119,Campaign Negative Phrase
[검색] 브랜드 | 헬로벨·헬로클릭,,어플,Campaign Negative Phrase
[검색] 헬로클릭 | 교육,,무료,Campaign Negative Phrase
[검색] 헬로클릭 | 교육,,중고,Campaign Negative Phrase
[검색] 헬로클릭 | 교육,,다운로드,Campaign Negative Phrase
[검색] 헬로클릭 | 교육,,나무위키,Campaign Negative Phrase
[검색] 헬로클릭 | 교육,,뜻,Campaign Negative Phrase
[검색] 헬로클릭 | 교육,,의미,Campaign Negative Phrase
[검색] 헬로클릭 | 교육,,영어로,Campaign Negative Phrase
[검색] 헬로클릭 | 교육,,채용,Campaign Negative Phrase
[검색] 헬로클릭 | 교육,,알바,Campaign Negative Phrase
[검색] 헬로클릭 | 교육,,구인,Campaign Negative Phrase
[검색] 헬로클릭 | 교육,,연봉,Campaign Negative Phrase
[검색] 헬로클릭 | 교육,,자격증,Campaign Negative Phrase
[검색] 헬로클릭 | 교육,,토렌트,Campaign Negative Phrase
[검색] 헬로클릭 | 교육,,만들기,Campaign Negative Phrase
[검색] 헬로클릭 | 교육,,diy,Campaign Negative Phrase
[검색] 헬로클릭 | 교육,,도매,Campaign Negative Phrase
[검색] 헬로클릭 | 교육,,부품,Campaign Negative Phrase
[검색] 헬로클릭 | 교육,,투표,Campaign Negative Phrase
[검색] 헬로클릭 | 교육,,전자투표,Campaign Negative Phrase
[검색] 헬로클릭 | 교육,,온라인투표,Campaign Negative Phrase
[검색] 헬로클릭 | 교육,,설문,Campaign Negative Phrase
[검색] 헬로클릭 | 교육,,서베이,Campaign Negative Phrase
[검색] 헬로클릭 | 교육,,어워즈,Campaign Negative Phrase
[검색] 헬로클릭 | 교육,,카훗,Campaign Negative Phrase
[검색] 헬로클릭 | 교육,,kahoot,Campaign Negative Phrase
[검색] 헬로클릭 | 교육,,멘티미터,Campaign Negative Phrase
[검색] 헬로클릭 | 교육,,패들렛,Campaign Negative Phrase
[검색] 헬로클릭 | 교육,,헬로마켓,Campaign Negative Phrase
[검색] 헬로클릭 | 교육,,클릭수,Campaign Negative Phrase
[검색] 헬로클릭 | 교육,,클릭광고,Campaign Negative Phrase
[검색] 헬로클릭 | 교육,,마우스,Campaign Negative Phrase
[검색] 헬로클릭 | 교육,,클릭알바,Campaign Negative Phrase
[검색] 헬로클릭 | 교육,,앱,Campaign Negative Phrase
