Campaign,Ad Group,Sitelink Text,Description Line 1,Description Line 2,Final URL,Status
[검색] 비상벨 | 법정설치,,견적 문의,수량과 현장만 알려주세요,당일 견적서 발행,https://hellobell.shop/product/detail.html?product_no=45&cate_no=1&display_group=2,Paused
[검색] 비상벨 | 법정설치,,장애인화장실용,점자안내판 포함 구성,법정 설치기준 충족,https://hellobell.shop/product/detail.html?product_no=45&cate_no=1&display_group=2,Paused
[검색] 비상벨 | 법정설치,,제품 라인업,화장실 시설 가정용까지,용도별로 비교하세요,https://hellobell.shop/product/detail.html?product_no=45&cate_no=1&display_group=2,Paused
[검색] 비상벨 | 법정설치,,대량구매 상담,세금계산서 발행 가능,수량별 할인 안내,https://hellobell.shop/product/detail.html?product_no=45&cate_no=1&display_group=2,Paused
[검색] 비상벨 | 법정설치,,설치 방법,배선 공사 없이 부착,5분이면 사용 가능,https://hellobell.shop/product/detail.html?product_no=45&cate_no=1&display_group=2,Paused
[검색] 비상벨 | 법정설치,,자주 묻는 질문,배터리 수신거리 A/S,구매 전 확인하세요,https://hellobell.shop/product/detail.html?product_no=45&cate_no=1&display_group=2,Paused
[검색] 비상벨 | 일반·시설별,,견적 문의,수량과 현장만 알려주세요,당일 견적서 발행,https://hellobell.shop/product/detail.html?product_no=45&cate_no=1&display_group=2,Paused
[검색] 비상벨 | 일반·시설별,,장애인화장실용,점자안내판 포함 구성,법정 설치기준 충족,https://hellobell.shop/product/detail.html?product_no=45&cate_no=1&display_group=2,Paused
[검색] 비상벨 | 일반·시설별,,제품 라인업,화장실 시설 가정용까지,용도별로 비교하세요,https://hellobell.shop/product/detail.html?product_no=45&cate_no=1&display_group=2,Paused
[검색] 비상벨 | 일반·시설별,,대량구매 상담,세금계산서 발행 가능,수량별 할인 안내,https://hellobell.shop/product/detail.html?product_no=45&cate_no=1&display_group=2,Paused
[검색] 비상벨 | 일반·시설별,,설치 방법,배선 공사 없이 부착,5분이면 사용 가능,https://hellobell.shop/product/detail.html?product_no=45&cate_no=1&display_group=2,Paused
[검색] 비상벨 | 일반·시설별,,자주 묻는 질문,배터리 수신거리 A/S,구매 전 확인하세요,https://hellobell.shop/product/detail.html?product_no=45&cate_no=1&display_group=2,Paused
[검색] 브랜드 | 헬로벨·헬로클릭,,견적 문의,수량과 현장만 알려주세요,당일 견적서 발행,https://hellobell.shop/product/detail.html?product_no=45&cate_no=1&display_group=2,Paused
[검색] 브랜드 | 헬로벨·헬로클릭,,장애인화장실용,점자안내판 포함 구성,법정 설치기준 충족,https://hellobell.shop/product/detail.html?product_no=45&cate_no=1&display_group=2,Paused
[검색] 브랜드 | 헬로벨·헬로클릭,,제품 라인업,화장실 시설 가정용까지,용도별로 비교하세요,https://hellobell.shop/product/detail.html?product_no=45&cate_no=1&display_group=2,Paused
[검색] 브랜드 | 헬로벨·헬로클릭,,대량구매 상담,세금계산서 발행 가능,수량별 할인 안내,https://hellobell.shop/product/detail.html?product_no=45&cate_no=1&display_group=2,Paused
[검색] 브랜드 | 헬로벨·헬로클릭,,설치 방법,배선 공사 없이 부착,5분이면 사용 가능,https://hellobell.shop/product/detail.html?product_no=45&cate_no=1&display_group=2,Paused
[검색] 브랜드 | 헬로벨·헬로클릭,,자주 묻는 질문,배터리 수신거리 A/S,구매 전 확인하세요,https://hellobell.shop/product/detail.html?product_no=45&cate_no=1&display_group=2,Paused
[검색] 헬로클릭 | 교육,,헬로클릭 소개,학생 전원의 응답 확인,참여도 실시간 대시보드,https://hellobell.shop/category/%ED%97%AC%EB%A1%9C%ED%81%B4%EB%A6%AD-helloclick/48/,Paused
[검색] 헬로클릭 | 교육,,학교 렌탈 안내,예산 부담 없이 도입,견적서 바로 발행,https://hellobell.shop/category/%ED%97%AC%EB%A1%9C%ED%81%B4%EB%A6%AD-helloclick/48/,Paused
[검색] 헬로클릭 | 교육,,활용 사례,골든벨 퀴즈 형성평가,수업 적용 예시 보기,https://hellobell.shop/category/%ED%97%AC%EB%A1%9C%ED%81%B4%EB%A6%AD-helloclick/48/,Paused
[검색] 헬로클릭 | 교육,,도입 문의,학급 규모에 맞춰 안내,구성과 수량 제안,https://hellobell.shop/category/%ED%97%AC%EB%A1%9C%ED%81%B4%EB%A6%AD-helloclick/48/,Paused
[검색] 브랜드 | 헬로벨·헬로클릭,,헬로클릭 소개,학생 전원의 응답 확인,참여도 실시간 대시보드,https://hellobell.shop/product/detail.html?product_no=45&cate_no=1&display_group=2,Paused
[검색] 브랜드 | 헬로벨·헬로클릭,,학교 렌탈 안내,예산 부담 없이 도입,견적서 바로 발행,https://hellobell.shop/product/detail.html?product_no=45&cate_no=1&display_group=2,Paused
[검색] 브랜드 | 헬로벨·헬로클릭,,활용 사례,골든벨 퀴즈 형성평가,수업 적용 예시 보기,https://hellobell.shop/product/detail.html?product_no=45&cate_no=1&display_group=2,Paused
[검색] 브랜드 | 헬로벨·헬로클릭,,도입 문의,학급 규모에 맞춰 안내,구성과 수량 제안,https://hellobell.shop/product/detail.html?product_no=45&cate_no=1&display_group=2,Paused
