Campaign,Callout Text,Status
[검색] 비상벨 | 법정설치,배선공사 불필요,Paused
[검색] 비상벨 | 법정설치,스마트폰 수신,Paused
[검색] 비상벨 | 법정설치,당일 출고,Paused
[검색] 비상벨 | 법정설치,세금계산서 발행,Paused
[검색] 비상벨 | 법정설치,관공서 납품실적,Paused
[검색] 비상벨 | 법정설치,대량구매 할인,Paused
[검색] 비상벨 | 법정설치,설치 상담 무료,Paused
[검색] 비상벨 | 법정설치,정품 A/S 보장,Paused
[검색] 비상벨 | 일반·시설별,배선공사 불필요,Paused
[검색] 비상벨 | 일반·시설별,스마트폰 수신,Paused
[검색] 비상벨 | 일반·시설별,당일 출고,Paused
[검색] 비상벨 | 일반·시설별,세금계산서 발행,Paused
[검색] 비상벨 | 일반·시설별,관공서 납품실적,Paused
[검색] 비상벨 | 일반·시설별,대량구매 할인,Paused
[검색] 비상벨 | 일반·시설별,설치 상담 무료,Paused
[검색] 비상벨 | 일반·시설별,정품 A/S 보장,Paused
[검색] 브랜드 | 헬로벨·헬로클릭,배선공사 불필요,Paused
[검색] 브랜드 | 헬로벨·헬로클릭,스마트폰 수신,Paused
[검색] 브랜드 | 헬로벨·헬로클릭,당일 출고,Paused
[검색] 브랜드 | 헬로벨·헬로클릭,세금계산서 발행,Paused
[검색] 브랜드 | 헬로벨·헬로클릭,관공서 납품실적,Paused
[검색] 브랜드 | 헬로벨·헬로클릭,대량구매 할인,Paused
[검색] 브랜드 | 헬로벨·헬로클릭,설치 상담 무료,Paused
[검색] 브랜드 | 헬로벨·헬로클릭,정품 A/S 보장,Paused
[검색] 헬로클릭 | 교육,학교 렌탈 가능,Paused
[검색] 헬로클릭 | 교육,앱 설치 불필요,Paused
[검색] 헬로클릭 | 교육,전원 동시 응답,Paused
[검색] 헬로클릭 | 교육,수업 준비 5분,Paused
[검색] 헬로클릭 | 교육,견적서 발행,Paused
[검색] 헬로클릭 | 교육,학교 납품 실적,Paused
[검색] 브랜드 | 헬로벨·헬로클릭,학교 렌탈 가능,Paused
[검색] 브랜드 | 헬로벨·헬로클릭,앱 설치 불필요,Paused
[검색] 브랜드 | 헬로벨·헬로클릭,전원 동시 응답,Paused
[검색] 브랜드 | 헬로벨·헬로클릭,수업 준비 5분,Paused
[검색] 브랜드 | 헬로벨·헬로클릭,견적서 발행,Paused
[검색] 브랜드 | 헬로벨·헬로클릭,학교 납품 실적,Paused
